song,angry_agressive,arousing_awakening,bizarre_weird,calming_soothing,carefree_lighthearted,cheerful_festive,emotional_passionate,exciting_thrilling,happy,laid-back_mellow,light_playful,loving_romantic,pleasant_comfortable,positive_optimistic,powerful_strong,sad,tender_soft,touching_loving
10cc-for_you_and_i,0,0,0,1,0,0,1,0,0,1,0,0,1,0,0,0,1,1
2pac-trapped,1,1,0,0,0,0,1,1,0,0,0,0,0,0,1,0,0,0
5th_dimension-one_less_bell_to_answer,0,0,0,1,0,0,0,0,0,0,0,1,0,0,0,1,1,0
a_tribe_called_quest-bonita_applebum,0,0,0,1,0,0,0,0,0,1,0,0,0,0,0,0,0,0
aaron_neville-tell_it_like_it_is,0,0,0,1,0,0,0,0,0,0,0,0,0,0,0,0,1,0
abba-s.o.s.,0,0,0,0,0,0,0,1,1,0,1,0,0,0,0,0,0,0
abc-poison_arrow,0,1,0,0,0,0,0,1,0,0,0,0,0,0,1,0,0,0
ac_dc-dirty_deeds_done_dirt_cheap,1,1,0,0,0,0,0,1,0,0,0,0,0,0,1,0,0,0
adam_and_the_ants-prince_charming,0,0,1,0,0,0,0,0,0,0,0,0,0,0,0,0,0,0
adam_ant-wonderful,0,0,0,0,0,0,1,0,0,0,1,0,0,1,0,0,0,1
adverts-gary_gilmores_eyes,1,1,0,0,0,0,0,0,0,0,0,0,0,0,1,0,0,0
aerobic_jonquil-sweat_machine,0,0,0,1,0,0,0,0,0,0,0,0,1,0,0,0,0,0
aerosmith-dude_looks_like_a_lady,0,1,0,0,1,1,0,1,1,0,1,0,0,0,0,0,0,0
aimee_mann-wise_up,0,0,0,1,0,0,1,0,0,0,0,0,1,0,0,0,1,0
air-sexy_boy,0,0,1,1,1,1,0,0,0,1,1,1,1,0,0,0,1,0
al_green-sha-la-la_make_me_happy,0,0,0,1,0,1,0,0,1,1,0,1,1,1,0,0,1,1
alanis_morissette-thank_u,0,0,0,0,0,0,1,0,0,0,0,0,0,0,1,1,0,0
alice_cooper-elected,0,0,0,0,0,0,0,0,0,0,0,0,0,0,0,0,0,0
alice_in_chains-no_excuses,0,0,0,0,0,0,1,0,0,0,0,0,1,0,1,1,0,0
alicia_keys-fallin,0,0,0,0,0,0,1,0,0,0,0,1,1,0,1,0,1,1
allman_brothers_band-melissa,0,0,0,1,0,0,0,0,0,1,0,0,1,0,0,0,1,0
altered_images-dont_talk_to_me_about_love,0,1,0,0,1,1,1,1,1,0,1,0,1,1,0,0,0,0
american_music_club-jesus_hands,0,0,0,1,0,0,0,0,0,1,0,0,0,0,0,0,0,0
andrews_sisters-boogie_woogie_bugle_boy,0,1,0,0,1,1,0,1,1,0,0,0,1,1,1,0,0,0
ani_difranco-crime_for_crime,1,0,0,0,0,0,1,0,0,0,0,0,0,0,1,0,0,0
animals-im_crying,0,1,0,0,0,0,0,1,0,0,0,0,0,0,1,0,0,0
anita_baker-caught_up_in_the_rapture,0,0,0,1,1,0,1,0,1,1,1,1,1,1,0,0,1,1
antiguru-peering,0,0,0,1,0,1,0,1,1,0,1,0,1,0,0,0,0,0
antonio_carlos_jobim-wave,0,0,0,0,1,1,0,0,1,1,1,1,1,1,0,0,1,1
anup-life_glides,0,1,0,0,0,1,0,0,1,0,0,0,0,1,0,0,0,0
aphex_twin-come_to_daddy,1,0,1,0,0,0,0,0,0,0,0,0,0,0,0,0,0,0
apples_in_stereo-glowworm,0,0,0,0,1,1,0,0,0,1,1,0,0,0,0,0,0,0
aretha_franklin-dont_play_that_song,0,0,0,0,0,1,1,0,0,0,0,1,1,1,1,0,0,1
arlo_guthrie-alices_restaurant_massacree,0,0,0,1,1,0,0,0,1,1,1,0,1,0,0,0,1,0
art_tatum-willow_weep_for_me,0,0,0,1,1,1,0,1,1,0,1,0,0,1,0,0,0,0
artemis-don_t_look_back,0,0,0,0,0,0,0,0,0,0,0,0,0,0,0,0,1,0
arthur_alexander-you_dont_care,0,0,0,0,0,0,0,0,0,0,0,0,0,0,0,0,0,0
arthur_yoria-at_least_you_ve_been_told,0,1,0,0,0,0,0,0,0,0,0,0,0,0,0,0,0,0
ashford_and_simpson-solid,0,0,0,0,0,0,1,0,1,0,0,1,1,1,1,0,0,1
association-windy,0,0,0,0,0,0,0,0,1,1,1,0,1,1,0,0,0,0
atomic_opera-watergrave,0,0,0,0,0,0,0,0,0,0,0,0,0,0,0,0,0,0
b.b._king-sweet_little_angel,0,0,0,1,0,0,0,0,0,0,0,0,1,0,0,0,0,0
backstreet_boys-as_long_as_you_love_me,0,0,0,1,0,0,1,0,0,0,0,1,1,0,0,0,1,1
badly_drawn_boy-all_possibilities,0,0,0,0,1,1,1,0,1,0,0,0,1,0,0,0,0,0
band-king_harvest_has_surely_come,0,0,0,0,0,0,0,0,1,0,0,0,0,0,0,0,0,0
barbara_leoni-don_t_rain_on_my_parade,0,1,0,0,1,1,1,1,1,0,1,0,1,1,0,0,0,0
barenaked_ladies-its_all_been_done,0,0,0,0,0,0,0,0,0,0,0,0,0,0,0,0,0,0
barry_manilow-mandy,0,0,0,1,0,0,1,0,0,0,0,1,1,0,0,0,1,1
barry_white-cant_get_enough_of_your_love_babe,0,1,0,0,0,0,1,0,0,0,0,1,0,1,1,0,0,1
bauhaus-ziggy_stardust,0,0,0,0,0,0,1,0,0,0,0,0,0,0,1,0,0,0
bay_city_rollers-saturday_night,0,1,0,0,1,1,0,1,1,0,1,0,1,1,0,0,0,0
beach_boys-i_get_around,0,0,0,0,1,1,0,0,0,0,1,0,0,1,0,0,0,0
beatles-strawberry_fields_forever,0,0,0,1,0,0,0,0,0,1,0,1,1,1,1,0,0,0
beatundercontrol-this_is_beatundercontrol,0,1,0,0,0,0,0,1,0,0,0,0,0,0,0,0,0,0
beautiful_south-one_last_love_song,0,0,0,1,0,0,0,0,0,1,0,0,0,0,0,1,1,0
beck-where_its_at,0,0,0,0,0,1,1,0,1,0,0,0,0,0,1,0,0,0
bee_gees-stayin_alive,0,1,0,0,1,1,0,1,1,0,0,0,1,1,1,0,0,0
belief_systems-skunk_werks,0,0,0,0,0,0,0,0,0,0,0,0,0,0,0,0,0,0
belle_and_sebastian-like_dylan_in_the_movies,0,0,0,1,0,0,0,0,0,1,0,0,1,0,0,0,0,0
ben_folds_five-brick,0,0,0,1,0,0,1,0,0,1,0,1,1,0,0,1,1,1
beth_quist-survival,0,0,0,0,0,0,0,0,0,0,0,0,0,0,0,0,0,0
big_star-in_the_street,0,0,0,0,0,0,0,0,1,0,1,0,1,0,0,0,0,0
billie_holiday-god_bless_the_child,0,0,0,1,0,0,1,0,0,0,0,0,1,1,0,0,1,1
billy_bragg-jeane,0,0,0,0,0,0,1,0,0,0,0,0,0,0,1,1,0,0
billy_joel-we_didnt_start_the_fire,0,1,0,0,0,1,0,0,1,0,0,0,1,1,1,0,0,0
birthday_party-mr._clarinet,1,1,1,0,0,0,1,1,0,0,0,0,0,0,1,1,0,0
bjrk-army_of_me,1,0,1,0,0,0,0,0,0,0,0,0,0,0,0,0,0,0
black_crowes-thorn_in_my_pride,0,0,0,0,0,0,0,0,0,0,0,0,0,0,0,0,0,0
black_flag-six_pack,1,0,0,0,0,0,0,0,0,0,0,0,0,0,1,0,0,0
black_sabbath-black_sabbath,1,0,1,0,0,0,0,1,0,0,0,0,0,0,1,1,0,0
blind_faith-had_to_cry_today,0,0,0,0,0,0,0,0,0,0,0,0,0,0,0,0,0,0
blind_melon-no_rain,0,0,0,0,1,0,0,0,0,1,1,0,0,0,0,0,0,0
blondie-rapture,0,0,0,0,0,0,0,0,0,0,0,0,0,0,0,0,0,0
blood_sweat_and_tears-sometimes_in_winter,0,0,0,1,0,0,0,0,0,1,0,1,1,0,0,0,1,1
blue_yster_cult-burnin_for_you,0,0,0,0,0,0,0,0,1,0,0,0,1,1,0,0,0,0
blur-country_house,0,0,0,0,1,0,0,0,1,0,1,0,1,1,0,0,0,0
bo_diddley-you_cant_judge_a_book_by_its_cover,0,1,0,0,1,1,0,1,1,0,1,0,1,1,1,0,0,0
bob_dylan-ill_be_your_baby_tonight,0,0,0,1,1,0,1,0,0,1,0,0,1,0,0,0,1,0
bob_marley_and_the_wailers-three_little_birds,0,0,0,1,1,1,1,0,1,1,1,0,1,1,1,0,1,1
bob_seger-turn_the_page,0,0,0,1,0,0,0,0,0,0,0,0,0,0,0,1,0,0
bobby_brown-my_prerogative,0,1,0,0,0,1,0,1,1,0,0,0,1,1,0,0,0,0
bobby_fuller_four-i_fought_the_law,0,1,0,0,0,0,0,1,0,0,0,0,1,0,1,0,0,0
bobby_womack-womans_gotta_have_it,0,0,0,1,0,0,1,0,1,0,0,1,1,1,0,0,1,1
bomb_the_bass-bug_powder_dust,1,1,0,0,0,0,1,1,0,0,0,0,0,0,1,0,0,0
bon_jovi-livin_on_a_prayer,0,0,0,0,0,0,0,0,0,0,0,0,0,0,1,0,0,0
bonnie_tyler-total_eclipse_of_the_heart,0,0,0,0,0,0,1,0,0,0,0,1,0,0,1,1,0,1
boo_radleys-wake_up_boo,0,1,0,0,1,1,0,0,1,0,1,0,0,1,0,0,0,0
boogie_down_productions-the_bridge_is_over,1,1,0,0,0,0,0,1,0,0,0,0,0,0,1,0,0,0
booker_t._and_the_mgs-time_is_tight,0,0,0,0,1,0,0,0,1,0,1,0,1,0,0,0,0,0
boston-more_than_a_feeling,0,1,0,0,0,1,0,1,0,0,0,0,0,1,1,0,0,0
bots-take_the_power_back,0,0,0,0,0,0,0,0,0,0,0,0,0,0,0,0,0,0
brad_sucks-overreacting,0,0,0,0,0,0,0,0,0,1,0,0,1,0,0,0,0,0
bread-if,0,0,0,1,0,0,1,0,0,1,0,1,1,0,0,0,1,1
breeders-cannonball,0,1,1,0,0,0,0,0,0,0,0,0,0,0,0,0,0,0
brenton_wood-lovey_dovey_kind_of_love,0,0,0,1,1,1,0,0,1,1,1,1,1,1,0,0,0,1
brian_eno-here_come_the_warm_jets,0,0,1,0,1,0,0,0,1,1,0,0,0,0,0,0,0,0
britney_spears-im_a_slave_for_you,0,1,0,0,0,0,0,0,1,0,0,0,0,0,0,0,0,0
bruce_springsteen-badlands,0,0,0,0,0,0,0,0,1,0,0,0,0,1,0,0,0,0
bryan_adams-cuts_like_a_knife,0,0,0,0,0,0,0,0,0,0,0,0,0,0,0,0,0,0
buddy_holly-peggy_sue,0,0,0,0,1,0,0,0,0,0,0,0,0,0,0,0,0,0
buena_vista_social_club-el_cuarto_de_tula,0,1,0,0,1,1,1,1,1,0,0,1,1,0,0,0,0,0
buffalo_springfield-for_what_its_worth,0,1,0,1,0,0,1,0,0,0,0,0,1,0,0,0,0,0
buffalo_springfield-mr._soul,0,1,0,0,0,0,0,1,0,0,0,0,0,0,1,0,0,0
buggles-video_killed_the_radio_star,0,0,0,0,1,1,0,0,0,0,1,0,0,0,1,0,0,0
built_to_spill-i_would_hurt_a_fly,0,0,0,0,0,0,0,0,0,0,0,0,0,0,0,1,0,0
burnshee_thornside-goodbye_on_a_beautiful_day,0,0,0,0,0,0,0,0,0,1,0,0,1,1,0,0,1,1
bush-comedown,1,0,0,0,0,0,0,0,0,0,0,0,0,0,1,0,0,0
busta_rhymes-woo_hah_got_you_all_in_check,1,0,0,0,0,0,0,0,0,0,0,0,0,0,1,0,0,0
buzzcocks-everybodys_happy_nowadays,0,0,0,0,0,0,0,0,1,0,0,0,0,0,0,0,0,0
byrds-wasnt_born_to_follow,0,0,0,0,0,0,0,0,0,0,0,0,0,0,0,0,0,0
c_layne-devil_and_the_woman,0,0,0,0,0,0,0,0,0,1,0,0,0,0,0,0,0,0
cab_calloway-minnie_the_moocher,0,0,0,0,1,0,1,1,0,1,1,0,1,0,1,0,0,0
"cake-perhaps,_perhaps,_perhaps",0,1,0,0,0,0,0,0,0,0,0,0,0,0,1,1,0,0
camper_van_beethoven-take_the_skinheads_bowling,0,0,0,0,1,1,0,0,0,0,0,0,0,0,0,0,0,0
canned_heat-on_the_road_again,0,0,0,0,0,0,1,0,0,1,0,0,0,0,0,0,0,0
captain_beefheart_and_the_magic_band-safe_as_milk,1,0,1,0,0,0,1,0,0,0,0,0,0,0,1,0,0,0
cardigans-lovefool,0,0,0,0,1,1,0,0,1,1,1,0,1,1,0,0,0,0
cargo_cult-garden,1,0,1,0,0,0,0,1,0,0,0,0,0,0,1,0,0,0
carl_perkins-matchbox,0,1,0,0,1,1,0,0,0,0,1,0,0,0,0,0,0,0
carly_simon-youre_so_vain,0,0,0,0,0,0,1,0,0,0,0,0,0,0,1,0,0,0
carole_king-youve_got_a_friend,0,0,0,1,0,0,1,0,1,1,0,1,1,1,1,0,1,1
carpenters-rainy_days_and_mondays,0,0,0,1,0,0,1,0,0,0,0,0,0,0,0,1,1,1
cars-good_times_roll,0,0,0,0,0,0,0,0,1,0,0,0,0,1,0,0,0,0
cat_power-he_war,0,0,0,0,0,0,0,0,0,0,0,0,0,0,0,1,0,0
catherine_wheel-black_metallic,0,0,0,1,0,0,0,0,0,0,0,0,0,0,0,0,0,0
cc_music_factory-gonna_make_you_sweat_everybody_dance_now,0,1,0,0,1,1,0,1,1,0,1,0,1,1,1,0,0,0
chad_and_jeremy-before_and_after,0,0,0,1,0,0,1,0,0,1,0,0,1,0,0,1,0,0
chantal_kreviazuk-surrounded,0,0,0,0,0,0,1,0,0,0,0,0,1,0,0,1,1,0
charles_mingus-mood_indigo,0,0,0,1,0,0,0,0,0,1,0,0,1,0,0,1,1,0
charlie_parker-ornithology,0,0,0,1,1,0,0,0,1,0,0,0,0,0,0,0,0,0
charlie_rich-behind_closed_doors,0,0,0,1,1,0,0,0,1,0,1,1,1,0,0,0,1,1
cheap_trick-dream_police,0,0,0,0,0,1,0,1,1,0,1,0,0,0,1,0,0,0
chemical_brothers-setting_sun,0,0,0,0,0,0,0,1,0,0,0,0,0,0,1,0,0,0
cheryl_ann_fulton-marsh_of_rhuddlan,0,0,0,1,0,0,0,0,1,0,0,1,1,0,0,0,1,0
chet_baker-these_foolish_things,0,0,0,1,1,0,1,0,0,1,1,1,1,1,0,0,0,1
chi-lites-stoned_out_of_my_mind,0,0,0,1,1,1,1,0,1,0,1,1,1,1,0,0,1,1
chic-le_freak,0,1,0,0,1,1,0,1,1,0,0,0,0,0,0,0,0,0
chicago-if_you_leave_me_now,0,0,0,1,0,0,1,0,0,0,0,1,1,0,0,1,1,1
chills-i_love_my_leather_jacket,0,0,0,0,0,0,0,0,0,0,0,0,0,0,0,0,0,0
chris_juergensen-prospects,0,0,0,1,1,0,0,0,0,1,0,0,1,0,0,0,0,0
christina_aguilera-genie_in_a_bottle,0,0,0,0,0,1,1,0,1,0,1,0,0,0,1,0,0,0
chuck_berry-roll_over_beethoven,0,0,0,0,0,0,0,0,1,0,0,0,0,0,0,0,0,0
chumbawamba-tubthumping,0,1,0,0,0,1,0,1,1,0,0,0,0,1,1,0,0,0
church-under_the_milky_way,0,0,0,0,0,0,0,0,0,1,0,0,0,0,0,0,0,0
cilla_black-alfie,0,0,0,1,0,0,0,0,0,0,0,0,0,0,1,0,1,1
clarence_ashley-the_house_carpenter,0,0,0,0,0,0,0,0,0,0,0,0,0,0,0,0,1,0
clash-lost_in_the_supermarket,0,0,0,0,0,0,0,0,0,0,0,0,0,0,0,0,0,0
coasters-poison_ivy,0,0,0,0,0,0,0,0,0,0,1,0,1,1,0,0,0,0
coldplay-clocks,0,0,0,1,0,0,1,0,0,0,0,0,1,0,0,0,0,0
contours-do_you_love_me,0,1,0,0,0,1,1,1,1,0,0,0,1,1,1,0,0,0
count_basie-lester_leaps_in,0,1,0,1,1,1,1,1,1,1,1,1,1,1,0,0,1,1
counting_crows-speedway,0,0,0,1,0,0,1,0,0,0,0,0,0,0,0,1,0,0
cowboy_junkies-postcard_blues,0,0,0,1,0,0,1,0,0,1,0,0,1,0,0,1,1,0
cranberries-linger,0,0,0,1,0,0,1,0,0,1,0,1,1,0,0,0,1,1
cream-tales_of_brave_ulysses,0,0,0,0,0,0,1,0,0,0,0,0,0,0,1,1,0,0
creedence_clearwater_revival-travelin_band,0,1,0,0,1,1,0,1,1,0,0,0,0,0,1,0,0,0
crosby_stills_and_nash-guinnevere,0,0,0,1,0,0,0,0,0,1,0,0,1,0,0,0,1,0
crosby_stills_nash_and_young-teach_your_children,0,0,0,1,0,0,1,0,0,0,0,0,1,0,0,0,0,1
curandero-aras,0,1,0,0,0,0,0,0,0,0,0,0,1,0,1,0,0,0
cure-just_like_heaven,0,0,0,0,0,0,0,0,0,0,0,0,0,0,0,0,0,0
curtis_mayfield-move_on_up,0,0,0,0,1,0,0,0,1,0,1,0,1,1,0,0,0,0
cyndi_lauper-money_changes_everything,0,0,0,0,0,0,0,0,0,0,0,0,0,0,1,0,0,0
cypress_hill-lowrider,0,1,0,0,0,0,1,1,0,0,0,0,0,0,0,0,0,0
daft_punk-da_funk,0,1,0,0,0,1,0,0,0,0,0,0,0,0,0,0,0,0
darkness-i_believe_in_a_thing_called_love,0,1,0,0,0,0,0,1,0,0,0,0,0,0,1,0,0,0
dave_matthews_band-ants_marching,0,0,0,1,1,0,0,0,1,1,0,0,1,1,0,0,0,0
david_bowie-song_for_bob_dylan,0,0,0,0,0,1,0,1,1,0,0,0,0,0,1,0,0,0
de_la_soul-eye_know,0,0,0,0,1,1,0,0,0,0,1,0,0,1,1,0,0,0
dead_kennedys-chemical_warfare,1,1,0,0,0,0,1,1,0,0,0,0,0,0,1,0,0,0
def_leppard-pour_some_sugar_on_me,0,1,0,0,0,1,1,1,0,0,0,0,0,0,1,0,0,0
dennis_brown-tribulation,0,0,0,1,0,0,1,0,0,0,0,0,1,0,1,0,0,0
depeche_mode-world_in_my_eyes,0,0,0,0,0,0,0,0,0,0,0,0,0,0,0,0,0,0
devo-girl_u_want,0,0,0,0,0,0,1,0,0,0,0,0,0,0,1,0,0,0
diana_ross_and_the_supremes-where_did_our_love_go,0,0,0,1,1,1,1,0,1,0,1,1,1,1,0,0,1,1
dido-here_with_me,0,0,0,1,0,0,1,0,0,0,0,1,1,1,0,0,1,1
dionne_warwick-walk_on_by,0,0,0,1,0,0,1,0,0,0,0,0,0,0,0,1,0,1
dire_straits-money_for_nothing,0,1,0,0,0,1,0,0,1,0,1,0,0,0,0,0,0,0
dj_jazzy_jeff_and_the_fresh_prince-summertime,0,1,0,0,1,1,0,0,1,1,0,0,0,1,0,0,0,0
dj_markitos-sunset_138_bpm_remix,0,1,0,0,0,0,0,0,0,0,0,0,0,0,0,0,0,0
django_reinhardt-brazil,0,1,0,1,1,1,0,1,1,1,1,1,1,1,0,0,0,1
domased-too_slow,0,0,0,0,0,0,0,0,0,0,0,0,0,0,0,0,0,0
donovan-catch_the_wind,0,0,0,0,1,0,0,0,0,1,0,0,1,0,0,0,1,0
doobie_brothers-china_grove,0,1,0,0,1,1,0,1,1,0,0,0,0,1,1,0,0,0
doors-touch_me,0,1,0,0,1,1,1,1,1,0,1,1,1,1,1,0,1,1
dr._dre-nuthin_but_a_g_thang,0,0,0,0,0,0,0,0,0,0,0,0,0,0,1,0,0,0
dr_kuch-persuaders_dub,0,1,1,0,0,0,0,1,0,0,0,0,0,0,0,0,0,0
drevo-our_watcher_show_us_the_way,0,0,0,1,0,0,1,0,0,0,0,0,0,0,0,0,0,0
drop_trio-slapjack,0,0,0,1,0,1,0,0,1,1,1,0,1,0,0,0,0,0
duke_ellington_and_his_orchestra-caravan,0,1,0,0,0,0,0,0,1,0,0,0,0,0,0,0,0,0
duncan_sheik-barely_breathing,0,0,0,0,0,0,0,0,0,0,0,0,0,0,0,0,0,0
duran_duran-come_undone,0,0,0,1,0,0,1,0,0,0,0,1,1,0,1,1,1,0
eagles-tequila_sunrise,0,0,0,1,0,0,1,0,0,0,0,0,1,0,0,1,1,1
earth_wind_and_fire-september,0,0,0,0,1,1,0,0,1,0,1,0,0,1,0,0,0,0
eels-cancer_for_the_cure,0,0,1,0,1,0,0,0,0,0,0,0,0,0,0,0,0,0
electric_frankenstein-teenage_shutdown,1,1,0,0,0,0,0,0,0,0,0,0,0,0,1,0,0,0
elliott_smith-baby_britain,0,0,0,1,0,1,0,0,1,0,1,0,1,1,0,0,1,0
elton_john-tiny_dancer,0,0,0,1,0,0,0,0,0,0,0,0,1,0,0,0,1,0
elvis_costello-less_than_zero,0,0,0,0,0,0,0,0,0,0,0,0,1,0,0,0,0,0
elvis_presley-heartbreak_hotel,0,1,0,0,0,0,1,0,0,0,0,0,0,0,0,1,0,0
eminem-my_fault,0,0,0,0,0,0,0,0,0,0,0,0,0,0,1,0,0,0
emma_s_mini-lost,0,1,0,0,0,0,0,1,0,0,0,0,0,0,1,0,0,0
erasure-chains_of_love,0,1,0,0,0,1,1,0,1,0,1,1,0,1,1,0,0,0
eric_clapton-wonderful_tonight,0,0,0,1,0,0,1,0,0,1,0,1,0,0,0,0,1,1
etherine-never_leave,0,0,0,1,0,0,0,0,0,0,0,0,1,0,1,0,1,0
eurythmics-sweet_dreams,0,1,0,0,0,0,0,1,0,0,0,0,0,0,0,0,0,0
evanescence-my_immortal,0,0,0,0,0,0,1,0,0,0,0,1,1,0,0,1,1,1
everly_brothers-take_a_message_to_mary,0,0,0,1,0,0,0,0,0,0,0,1,1,0,0,1,1,1
faith_hill-lets_make_love,0,0,0,0,0,0,1,0,0,0,0,1,0,1,1,0,1,1
faith_no_more-epic,1,1,0,0,0,0,1,1,0,0,0,0,0,0,1,0,0,0
falik-bliss,0,0,0,1,0,0,0,0,0,0,0,0,0,0,0,0,0,0
fiona_apple-love_ridden,0,0,0,1,0,0,1,0,0,0,0,1,1,0,1,1,1,1
fleetwood_mac-say_you_love_me,0,0,0,1,0,0,1,0,0,0,0,1,1,0,0,0,1,0
flying_burrito_brothers-break_my_mind,0,0,0,0,0,0,1,0,0,0,0,1,0,0,0,0,1,0
foo_fighters-big_me,0,0,0,1,0,0,0,0,0,1,0,0,0,1,0,0,0,0
four_stones-brilliant_day_eine_kleine_mix,0,0,0,0,0,0,0,0,0,0,0,0,0,0,0,0,0,0
frank_sinatra-fly_me_to_the_moon,0,0,0,1,1,1,0,0,1,0,0,1,1,1,0,0,1,1
frank_zappa-whats_the_ugliest_part_of_your_body,0,0,1,0,0,0,0,0,0,0,0,0,0,0,0,0,0,0
franz_ferdinand-come_on_home,0,1,0,0,0,0,1,1,1,0,0,0,0,0,1,0,0,0
garbage-hammering_in_my_head,1,1,0,0,0,0,1,1,0,0,0,0,0,0,1,0,0,0
gene_clark-the_true_one,0,0,0,1,0,0,0,0,0,0,0,0,0,0,0,1,0,0
genesis-cuckoo_cocoon,0,0,0,1,0,0,0,0,0,1,0,0,1,0,0,0,1,0
george_harrison-all_things_must_pass,0,0,0,1,0,0,1,0,0,1,0,0,1,1,0,0,1,1
germs-lexicon_devil,0,1,0,0,0,0,0,1,0,0,0,0,0,0,0,0,0,0
gin_blossoms-hey_jealousy,0,1,0,0,0,0,1,0,0,0,0,1,0,0,0,1,0,0
glen_bledsoe-p_pop,0,1,0,0,0,0,0,0,0,0,0,0,0,0,0,0,0,0
glenn_miller-in_the_mood,0,1,0,1,1,1,1,1,1,0,1,0,1,1,1,0,0,0
gloria_gaynor-i_will_survive,0,1,0,0,0,1,1,1,1,0,0,0,1,0,1,0,0,0
go-gos-vacation,0,0,0,0,1,0,0,0,1,0,1,0,1,1,0,0,0,0
gram_parsons-1000_wedding,0,0,0,0,0,0,0,0,0,0,0,0,0,0,0,0,0,0
grateful_dead-high_time,0,0,0,0,0,0,0,0,0,0,0,0,0,0,0,0,1,0
grayson_wray-heaven_s_the_place,0,0,0,0,1,0,0,0,0,0,0,0,0,0,0,0,0,0
green_day-longview,0,1,0,0,0,0,0,1,0,0,0,0,0,0,1,0,0,0
guided_by_voices-kicker_of_elves,0,0,0,0,0,0,0,0,0,0,0,0,0,0,0,0,0,0
guns_n_roses-november_rain,0,0,0,0,0,0,0,0,0,0,0,0,0,0,0,0,1,0
hall_and_oates-private_eyes,0,0,0,0,0,0,0,0,0,0,0,0,0,0,0,0,0,0
howlin_wolf-moanin_at_midnight,0,1,0,0,0,0,1,0,0,0,0,0,0,0,1,1,0,0
human_response-angels,0,1,0,0,0,0,0,0,0,0,0,0,1,0,0,0,0,0
hybris-hate,1,0,0,0,0,0,0,0,0,0,0,0,0,0,1,0,0,0
ike_and_tina_turner-river_deep_mountain_high,0,1,0,0,0,1,1,0,0,0,0,0,0,0,1,0,0,0
indidginus-dusty_lands,0,0,1,0,0,0,0,0,0,0,0,0,0,0,0,0,0,0
interpol-stella_was_a_diver_and_she_was_always_down,0,0,0,0,0,0,0,0,0,0,0,0,0,0,0,1,0,0
introspekt-tbd,0,1,0,0,0,0,0,0,0,0,0,0,1,0,1,0,0,0
ivilion-d_b_l,1,0,0,0,0,0,0,1,0,0,0,0,0,0,1,0,0,0
jackalopes-rotgut,0,1,0,0,0,0,0,0,0,0,0,0,0,0,1,0,0,0
jackson_5-abc,0,1,0,0,1,1,1,1,1,0,1,0,0,1,1,0,0,0
jacques_brel-les_vieux,0,0,0,1,0,0,0,0,0,0,1,1,1,0,0,0,1,0
jade_leary-going_in,0,1,0,0,0,1,0,0,0,0,0,0,0,0,0,0,0,0
jag-jag_s_rag,0,0,0,0,0,0,0,0,0,0,0,0,0,0,0,0,0,0
james_brown-give_it_up_or_turnit_a_loose,0,1,0,0,0,0,0,1,1,0,0,0,1,0,1,0,0,0
james_taylor-fire_and_rain,0,0,0,1,0,0,1,0,0,1,0,0,1,1,1,0,1,1
jamie_janover-event_horizon,0,0,0,1,0,0,0,0,0,1,0,0,1,0,0,0,1,0
jamiroquai-little_l,0,1,0,0,1,1,0,1,1,0,1,0,0,1,0,0,0,0
jan_and_dean-surf_city,0,0,0,1,1,1,0,1,1,1,1,0,1,1,0,0,0,0
janes_addiction-been_caught_stealing,0,1,0,0,1,1,1,1,1,0,0,0,0,1,1,0,0,0
janet_jackson-miss_you_much,0,1,0,0,0,1,0,0,1,0,0,1,0,1,0,0,0,0
jay_kishor-raga_malgunji_jor,0,0,0,1,0,0,0,0,0,1,0,0,1,1,0,0,0,0
jeff_buckley-last_goodbye,0,0,0,0,0,0,1,0,0,0,0,0,1,0,0,0,0,0
jefferson_airplane-somebody_to_love,0,1,0,0,0,0,0,1,0,0,0,0,0,0,1,0,0,0
jerry_lee_lewis-great_balls_of_fire,0,1,0,0,1,1,1,1,1,0,1,0,0,1,1,0,0,0
jesse_manno-alf_leyla_wa_leyla,0,1,0,0,0,0,1,1,0,0,0,0,0,0,1,0,0,0
jewel-enter_from_the_east,0,0,0,1,0,0,1,0,0,1,0,0,1,0,0,1,1,1
jimi_hendrix-highway_chile,0,0,0,0,0,0,0,0,0,0,0,0,0,0,0,0,0,0
john_cale-pablo_picasso,1,0,0,0,0,0,0,0,0,0,0,0,0,0,0,1,0,0
john_coltrane-giant_steps,0,1,0,0,0,1,0,1,1,0,0,0,1,1,1,0,0,0
john_lee_hooker-boom_boom,0,0,0,1,1,1,0,0,1,1,1,0,1,1,0,0,0,0
john_lennon-imagine,0,0,0,0,0,0,0,0,0,1,0,0,0,1,0,0,0,1
johnny_cash-the_man_comes_around,0,1,0,1,0,0,1,0,0,1,0,0,1,0,1,0,0,0
joram-solipsism,0,0,0,0,0,0,0,0,0,0,0,0,0,0,1,0,0,0
joy_division-love_will_tear_us_apart,0,0,0,0,0,0,0,0,0,0,0,0,0,0,0,0,0,0
junior_murvin-police_and_thieves,0,0,0,0,0,0,0,0,0,1,0,0,1,0,0,0,0,0
kansas-carry_on_wayward_son,0,1,0,0,0,0,0,1,0,0,0,0,0,1,1,0,0,0
kanye_west-gold_digger,0,1,0,0,0,0,0,1,0,0,0,0,0,0,0,0,0,0
kenji_williams-i_m_alive,0,0,0,1,0,0,0,0,0,1,0,0,0,0,0,0,0,0
king_crimson-thela_hun_ginjeet,0,0,0,0,0,0,0,0,0,0,0,0,0,0,0,0,0,0
kiss-deuce,0,1,0,0,0,0,1,1,0,0,0,0,0,0,1,0,0,0
kokoon-order,0,1,0,0,0,0,0,1,0,0,0,0,1,0,1,0,0,0
kool_and_the_gang-funky_stuff,0,1,0,0,1,1,0,1,1,0,1,0,1,1,1,0,0,0
kourosh_zolani-peaceful_planet,0,0,0,1,0,0,0,0,0,0,0,0,1,0,0,0,0,0
kraftwerk-spacelab,0,0,0,0,0,0,0,0,0,1,0,0,0,0,0,0,0,0
kris_kristofferson-the_best_of_all_possible_worlds,0,0,0,0,0,0,0,0,0,0,0,0,0,0,0,0,0,0
lambert_hendricks_and_ross-gimme_that_wine,0,1,0,0,1,0,1,0,1,0,1,0,1,0,0,0,0,0
led_zeppelin-immigrant_song,1,1,0,0,0,0,0,1,0,0,0,0,0,0,1,0,0,0
leonard_cohen-suzanne,0,0,0,1,0,0,1,0,0,1,0,1,1,0,0,0,1,1
lisa_debenedictis-fruitless,0,0,0,0,0,0,0,0,0,0,0,0,0,0,0,0,1,0
live-lightning_crashes,0,0,0,0,0,0,1,0,0,0,0,0,0,0,1,1,0,0
liz_phair-supernova,1,1,0,0,0,0,0,0,0,0,0,0,0,0,0,0,0,0
ll_cool_j-mama_said_knock_you_out,1,1,0,0,0,0,1,1,0,0,0,0,0,0,1,0,0,0
los_lobos-corrido_1,0,0,0,0,1,1,0,0,1,0,0,0,0,0,0,0,0,0
lou_reed-walk_on_the_wild_side,0,0,0,1,0,0,0,0,0,1,1,0,0,0,0,0,0,0
louis_armstrong-hotter_than_that,0,1,0,0,1,1,0,1,1,0,1,0,1,1,1,0,0,0
love-you_set_the_scene,0,0,0,0,0,0,0,0,0,1,0,0,0,0,0,0,0,0
love_and_rockets-mirror_people,0,0,0,0,0,0,0,0,0,0,0,0,0,0,0,0,0,0
lynyrd_skynyrd-sweet_home_alabama,0,0,0,0,0,1,0,0,0,0,0,0,1,0,0,0,0,0
macy_gray-i_try,0,0,0,1,0,0,1,0,0,1,0,1,1,0,0,1,1,1
madness-baggy_trousers,0,1,1,0,1,1,0,0,1,0,1,0,0,1,0,0,0,0
madonna-ray_of_light,0,1,0,0,1,0,0,0,1,0,0,0,0,1,0,0,0,0
mamas_and_the_papas-words_of_love,0,0,0,0,0,0,1,0,0,0,0,0,0,0,1,1,0,0
manassas-bound_to_fall,0,0,0,0,0,1,0,0,1,0,0,0,1,0,0,0,0,0
marvelettes-please_mr._postman,0,0,0,0,0,0,1,0,0,0,0,0,1,0,0,1,1,0
marvin_gaye-whats_going_on,0,0,0,1,0,0,0,0,0,0,0,0,1,0,0,0,1,0
mary_wells-my_guy,0,0,0,0,1,1,0,0,1,0,1,1,1,1,0,0,1,1
massive_attack-risingson,0,0,0,0,0,0,0,0,0,0,0,0,0,0,0,0,0,0
mazzy_star-fade_into_you,0,0,0,1,0,0,0,0,0,1,0,0,0,0,0,1,1,0
mc_hammer-u_cant_touch_this,0,1,0,0,0,0,0,1,1,0,0,0,0,0,1,0,0,0
memories_of_tomorrow-transcend_fate_of_a_dj,0,1,0,0,0,1,0,0,0,0,0,0,0,0,0,0,0,0
men_at_work-who_can_it_be_now,0,0,0,0,1,1,1,0,1,0,0,0,1,1,0,0,0,0
metallica-one,0,0,0,0,0,0,0,0,0,0,0,0,0,0,0,0,0,0
michael_jackson-billie_jean,0,1,0,0,0,0,1,1,0,0,0,0,0,0,1,0,0,0
michael_masley-advice_from_the_angel_of_thresholds,0,0,0,1,0,0,0,0,0,1,0,0,1,0,0,0,1,0
miles_davis-blue_in_green,0,0,0,1,0,0,0,0,0,1,0,0,0,0,0,1,1,1
moby-porcelain,0,0,0,1,0,0,0,0,0,1,0,0,1,0,1,0,1,0
modest_mouse-what_people_are_made_of,1,0,0,0,0,0,0,1,0,0,0,0,0,0,1,0,0,0
monkees-a_little_bit_me_a_little_bit_you,0,0,0,0,1,1,0,0,1,0,1,0,1,0,0,0,0,0
monoide-golden_key,0,0,0,1,0,0,0,0,1,0,1,0,0,0,0,0,0,0
morrissey-everyday_is_like_sunday,0,0,0,1,0,0,1,0,0,1,0,0,1,0,0,0,1,1
mose_allison-monsters_of_the_id,0,0,0,0,0,0,0,0,0,1,0,0,0,0,0,1,0,0
mott_the_hoople-roll_away_the_stone,0,0,0,0,0,1,0,0,1,0,1,0,0,1,1,0,0,0
mr_epic-ruff_and_tumble,0,0,0,1,1,0,0,0,0,1,0,0,1,0,0,0,0,0
mr_gelatine-knysnamushrooms,0,0,0,0,0,0,0,0,0,0,0,0,0,0,0,0,0,0
mrdc-leaving,0,0,0,1,0,0,0,0,0,0,0,0,0,0,0,0,0,0
muddy_waters-im_ready,0,0,0,1,0,0,1,0,0,1,0,0,1,0,1,0,0,0
muddy_waters-mannish_boy,1,1,0,0,0,0,1,1,1,0,0,0,0,1,1,0,0,0
my_bloody_valentine-when_you_sleep,0,0,0,0,0,0,0,0,0,0,0,0,0,0,0,0,0,0
myles_cochran-getting_stronger,0,0,0,1,0,0,0,0,0,0,0,0,0,0,0,0,1,0
napoleon_blown_aparts-higher_education,1,1,0,0,0,0,0,1,0,0,0,0,0,0,1,0,0,0
natalie_imbruglia-torn,0,0,0,0,0,0,1,0,0,0,0,0,0,0,0,1,0,0
neil_young-razor_love,0,0,0,1,1,0,1,0,0,1,0,1,1,0,0,0,1,1
neil_young_and_crazy_horse-western_hero,0,0,0,1,0,0,1,0,0,1,0,0,1,0,0,1,1,0
nelly-country_grammar,0,1,0,0,1,1,1,1,1,0,0,0,0,1,0,0,0,0
neutral_milk_hotel-where_youll_find_me_now,0,0,0,1,0,0,1,0,0,0,0,0,0,0,0,0,0,0
new_order-blue_monday,0,1,0,0,0,0,0,0,0,0,0,0,0,0,0,0,0,0
nine_inch_nails-head_like_a_hole,1,0,0,0,0,0,0,0,0,0,0,0,0,0,1,0,0,0
nirvana-aneurysm,1,1,0,0,0,0,0,0,0,0,0,0,0,0,1,0,0,0
no_doubt-artificial_sweetener,1,0,0,0,0,0,1,0,0,0,0,0,0,0,1,0,0,0
no_doubt-simple_kind_of_life,0,0,0,0,0,0,1,0,0,0,0,1,0,0,0,0,0,0
norah_jones-dont_know_why,0,0,0,1,0,0,1,0,0,1,0,1,1,0,0,0,1,1
norine_braun-spanish_banks,0,0,0,0,0,0,0,0,0,0,0,0,0,0,0,0,0,0
nova_express-i_m_alive,0,1,0,0,0,0,0,0,0,0,0,0,0,0,0,0,0,0
oasis-supersonic,0,0,0,0,0,0,0,1,0,0,0,0,0,0,0,0,0,0
ojays-livin_for_the_weekend,0,1,0,0,1,1,1,1,1,0,0,0,1,1,0,0,0,0
olivia_tremor_control-i_have_been_floated,0,0,0,0,1,0,0,0,0,0,0,0,0,0,1,0,0,0
otis_redding-mr._pitiful,0,1,0,0,0,1,1,1,0,0,0,0,1,0,0,0,0,0
outkast-ms._jackson,0,1,0,0,0,0,0,1,0,0,0,0,0,0,1,0,0,0
panacea-dragaicuta,0,0,0,0,0,0,0,0,0,0,0,0,0,0,0,1,0,0
pantera-becoming,1,1,0,0,0,0,1,1,0,0,0,0,0,0,1,0,0,0
paul_mccartney-ebony_and_ivory,0,0,0,1,0,0,0,0,1,1,0,0,1,1,0,0,0,0
pearl_jam-yellow_ledbetter,0,0,0,0,0,0,1,1,0,0,0,0,0,0,1,1,0,0
pet_shop_boys-being_boring,0,0,0,1,0,0,1,0,0,1,0,0,1,0,0,0,0,0
pink_floyd-echoes,0,0,0,1,0,0,0,0,0,1,0,0,0,0,0,0,0,0
pixies-wave_of_mutilation,0,0,0,0,0,0,0,0,0,0,0,0,0,0,0,0,0,0
pizzle-what_s_wrong_with_my_footm,1,1,0,0,0,0,1,1,0,0,0,0,0,0,1,0,0,0
pj_harvey-dry,0,0,0,0,0,0,0,0,0,0,0,0,0,0,0,0,0,0
police-every_little_thing_she_does_is_magic,0,1,0,0,1,1,0,0,1,0,1,1,1,1,0,0,0,1
portishead-all_mine,0,0,0,1,0,0,1,0,0,1,0,0,1,0,1,1,0,0
pretenders-day_after_day,0,0,0,0,1,0,1,0,1,0,1,0,1,0,0,0,0,0
primus-jerry_was_a_race_car_driver,1,1,0,0,0,0,0,1,0,0,0,0,0,0,1,0,0,0
processor-nibtal_7,1,1,0,0,0,0,0,1,0,0,0,0,0,0,1,0,0,0
propellerheads-take_california,0,1,0,0,0,0,0,1,1,0,0,0,0,0,1,0,0,0
psychedelic_furs-love_my_way,0,0,0,0,0,0,0,0,0,0,0,0,0,0,0,0,0,0
psychetropic-dead_slow_day,0,0,1,1,0,0,0,0,0,0,0,0,1,0,0,0,0,0
queen-we_will_rock_you,0,1,0,0,0,1,1,1,1,0,0,0,0,1,1,0,0,0
r.e.m.-camera,0,0,0,1,0,0,0,0,0,0,0,0,0,0,0,0,0,0
radiohead-karma_police,0,0,0,1,0,0,1,0,0,1,0,0,0,0,0,1,1,0
rage_against_the_machine-maggies_farm,1,1,0,0,0,0,1,1,0,0,0,0,0,0,1,0,0,0
ramones-i_just_want_to_have_something_to_do,0,0,0,0,0,0,0,0,1,0,0,0,0,0,0,0,0,0
randy_newman-sail_away,0,0,0,1,0,0,0,0,0,1,0,0,0,0,0,0,0,0
ray_charles-hit_the_road_jack,0,1,0,0,0,0,1,0,0,0,0,0,0,0,1,0,0,0
red_hot_chili_peppers-give_it_away,0,1,0,0,1,1,0,1,1,0,1,0,1,1,1,0,0,0
replacements-answering_machine,0,0,0,0,0,0,0,0,0,0,0,0,0,0,0,0,0,0
rick_james-super_freak,0,1,0,0,1,0,0,1,1,0,0,0,0,0,0,0,0,0
robert_johnson-sweet_home_chicago,0,0,0,0,0,0,1,0,0,0,0,0,0,0,0,0,0,0
rocket_city_riot-mine_tonite,0,1,0,0,0,0,0,1,0,0,0,0,0,1,1,0,0,0
rolling_stones-little_by_little,0,0,0,0,1,0,0,0,0,0,0,0,0,0,0,0,0,0
ronettes-walking_in_the_rain,0,0,0,0,1,1,1,0,1,0,1,1,0,1,1,0,1,1
roots_of_rebellion-legend,0,1,0,0,0,0,0,1,0,0,0,0,0,0,1,0,0,0
roxy_music-love_is_the_drug,0,0,0,0,0,0,0,0,0,0,0,0,1,0,0,0,0,0
roy_orbison-running_scared,0,0,0,0,0,0,1,0,0,0,0,1,0,0,1,0,1,0
rubn_gonzlez-cumbanchero,0,1,0,0,1,1,1,1,1,0,0,0,0,1,1,0,0,0
rufus_wainwright-cigarettes_and_chocolate_milk,0,0,0,1,0,0,0,0,0,1,0,0,1,1,0,0,1,0
sade-smooth_operator,0,0,0,1,1,0,1,0,0,1,1,0,1,0,0,0,1,1
santana-love_of_my_life,0,1,0,0,0,0,1,1,0,0,0,1,1,1,1,0,0,1
sarah_mclachlan-possession,0,0,0,1,0,0,1,0,0,0,0,0,1,0,1,0,0,0
saros-prelude,0,0,0,0,0,0,0,0,0,0,0,0,0,0,0,0,0,0
scott_hill-silk_road,0,0,0,1,0,0,0,0,0,1,0,0,1,0,0,0,0,0
screaming_trees-nearly_lost_you,0,1,0,0,0,0,0,1,0,0,0,0,0,0,0,0,0,0
sebadoh-soul_and_fire,0,0,0,0,0,0,0,0,0,0,0,1,0,0,0,1,0,0
seismic_anamoly-wreckinball,0,1,0,0,0,0,0,1,0,0,0,0,0,0,0,0,0,0
sex_pistols-pretty_vacant,1,1,0,0,0,0,0,0,0,0,0,0,0,0,1,0,0,0
shakira-the_one,0,1,0,0,0,0,1,0,0,0,0,1,1,1,1,0,0,1
shane_jackman-set_fire_to_the_city,0,0,0,1,0,0,1,0,0,0,0,0,1,0,0,1,1,1
sheryl_crow-i_shall_believe,0,0,0,1,0,0,1,0,0,0,0,0,1,0,1,0,1,0
shins-new_slang,0,0,0,1,0,0,1,0,0,1,0,0,0,0,0,1,1,1
shira_kammen-music_of_waters,0,0,0,1,0,0,0,0,0,1,0,0,1,0,0,0,0,0
shiva_in_exile-hollow_earth,0,0,0,0,0,0,0,0,0,0,0,0,0,0,0,0,0,0
shuggie_otis-sweet_thang,0,0,0,1,0,0,0,0,0,1,0,1,0,1,0,0,0,1
simon_and_garfunkel-the_only_living_boy_in_new_york,0,0,0,1,0,0,1,0,0,1,0,1,1,0,1,1,1,1
sinad_oconnor-no_mans_woman,0,0,0,0,0,0,0,0,0,0,0,0,0,0,0,0,0,0
sir_mix-a-lot-baby_got_back,1,1,1,0,0,0,0,1,0,0,1,0,0,0,1,0,0,0
skitzo-last_depression,1,1,0,0,0,0,0,0,0,0,0,0,0,0,1,0,0,0
sly_and_the_family_stone-just_like_a_baby,0,0,0,1,0,0,1,0,0,1,0,1,1,0,0,0,1,0
small_faces-lazy_sunday,0,0,0,0,1,0,0,0,0,0,1,0,0,0,0,0,0,0
smashing_pumpkins-rocket,0,0,0,0,0,0,0,0,0,0,0,0,0,0,0,0,0,0
smithereens-behind_the_wall_of_sleep,0,0,0,0,0,0,0,0,0,0,0,0,0,0,0,0,0,0
smiths-how_soon_is_now,0,0,0,0,0,0,0,1,0,0,0,0,0,0,0,0,0,0
smokey_robinson-cruisin,0,0,0,1,1,0,0,0,0,0,1,0,1,1,0,0,0,1
smokey_robinson_and_the_miracles-ooo_baby_baby,0,0,0,1,0,0,0,0,0,0,0,1,1,0,0,0,0,0
snoop_doggy_dogg-gin_and_juice,0,0,0,0,0,0,0,0,0,0,0,0,0,0,0,0,0,0
solace-laz_7_8,0,1,0,0,0,0,0,0,0,0,0,0,0,0,0,0,0,0
somadrone-coda,1,0,0,0,0,0,1,0,0,0,0,0,0,0,1,1,0,0
sonic_youth-teen_age_riot,0,0,0,0,0,0,0,0,0,0,0,0,0,0,1,0,0,0
sonny_rollins-strode_rode,0,1,0,0,1,1,0,1,1,0,1,0,1,1,1,0,0,0
soul_ii_soul-keep_on_movin,0,0,0,1,0,0,1,0,0,1,0,1,1,1,0,0,1,1
soulprint-crawlspace,1,0,0,0,0,0,1,1,0,0,0,0,0,0,1,0,0,0
soundgarden-black_hole_sun,0,0,0,0,0,0,0,0,0,0,0,0,0,0,0,0,0,0
specials-gangsters,0,1,0,0,0,1,0,0,1,0,1,0,1,0,0,0,0,0
spencer_davis_group-gimme_some_lovin,0,1,0,0,1,1,1,1,1,0,0,0,1,1,1,0,0,0
spice_girls-stop,0,0,0,0,1,1,0,0,1,1,1,0,1,1,0,0,0,0
spinecar-stay,1,0,0,0,0,0,0,0,0,0,0,0,0,0,0,0,0,0
spiritualized-stop_your_crying,0,0,0,1,0,0,1,0,0,1,0,1,1,1,1,0,1,1
squarepusher-a_journey_to_reedham_(7am_mix),0,1,1,0,1,1,0,1,1,0,0,0,0,1,0,0,0,0
squeeze-pulling_mussels_from_the_shell,0,1,0,0,0,0,0,0,1,0,0,0,1,0,1,0,0,0
stan_getz-corcovado_quiet_nights_of_quiet_stars,0,0,0,1,1,0,1,0,0,1,1,1,1,1,0,0,1,1
standells-dirty_water,0,1,0,0,1,0,0,0,0,0,1,0,0,0,0,0,0,0
starship-nothings_gonna_stop_us_now,0,0,0,0,0,0,0,0,0,0,0,1,1,1,0,0,0,0
steely_dan-rikki_dont_lose_that_number,0,0,0,0,0,0,0,0,0,0,0,0,1,0,0,0,0,0
steppenwolf-born_to_be_wild,0,1,0,0,1,1,0,1,1,0,0,0,0,0,0,0,0,0
stereolab-cybeles_reverie,0,0,0,1,1,1,1,0,1,1,1,1,1,1,0,0,1,1
stevie_ray_vaughan-pride_and_joy,0,1,0,0,1,1,0,1,1,0,1,1,1,1,1,0,0,0
stevie_wonder-for_once_in_my_life,0,1,0,0,1,0,0,0,1,0,0,0,1,1,0,0,0,0
sting-big_lie_small_world,0,0,0,1,0,0,0,0,0,1,0,1,0,0,0,0,1,1
stone_roses-i_wanna_be_adored,0,0,0,0,0,0,0,0,0,0,0,0,0,0,0,0,0,0
stooges-dirt,0,1,0,0,0,0,0,0,0,0,0,0,0,0,1,0,0,0
stranglers-golden_brown,0,0,1,0,0,0,0,0,0,0,0,0,0,0,0,0,0,0
strawbs-new_world,1,0,0,0,0,0,0,0,0,0,0,0,0,0,0,0,0,0
strojovna_07-130,0,0,0,0,0,0,0,0,0,0,0,0,0,0,0,0,0,0
style_council-headstart_for_happiness,0,1,0,0,0,1,0,0,1,0,1,1,0,1,0,0,0,1
sundays-heres_where_the_story_ends,0,0,0,1,0,0,0,0,1,1,1,0,1,0,0,0,1,0
superchunk-slack_motherfucker,1,1,0,0,0,0,0,0,0,0,0,0,0,0,0,0,0,0
sweet-fox_on_the_run,0,0,0,0,0,1,0,1,1,0,0,0,0,0,0,0,0,0
syd_barrett-effervescing_elephant,0,0,1,0,1,1,0,0,1,1,0,0,0,0,0,0,0,0
sylvester-you_make_me_feel_mighty_real,0,1,0,0,0,1,0,1,1,0,1,0,0,1,0,0,0,0
syreeta-what_love_has_joined_together,0,1,0,1,1,1,1,0,1,0,1,1,1,1,0,0,1,1
t._rex-children_of_the_revolution,1,1,0,0,0,0,1,1,0,0,0,0,0,0,1,0,0,0
talking_heads-and_she_was,0,0,0,0,1,0,0,0,0,0,0,0,0,0,0,0,0,0
tears_for_fears-everybody_wants_to_rule_the_world,0,0,0,1,1,1,1,0,1,1,0,0,1,1,0,0,0,0
teenage_fanclub-the_concept,0,0,0,0,0,0,1,0,0,0,0,0,1,0,0,0,0,1
television-venus,0,0,0,0,0,0,0,0,0,0,0,0,0,0,0,0,0,0
temptations-since_i_lost_my_baby,0,0,0,1,0,0,1,0,0,1,0,1,0,0,1,0,1,1
thelonious_monk-epistrophy,0,0,0,0,0,0,0,0,0,0,0,0,0,0,0,0,0,0
they_might_be_giants-i_should_be_allowed_to_think,0,0,0,1,1,0,0,0,0,1,1,0,1,0,0,0,0,0
thin_lizzy-dont_believe_a_word,0,1,0,0,0,0,1,0,0,0,0,0,0,0,1,0,0,0
third_eye_blind-semi-charmed_life,0,1,0,0,0,0,0,1,0,0,0,0,0,1,0,0,0,0
throwing_muses-hate_my_way,1,0,0,0,0,0,0,0,0,0,0,0,0,0,1,0,0,0
thursday_group-like_white_on_rice,0,0,0,0,0,0,0,1,0,0,0,0,0,0,0,1,0,0
tilopa-kyo_rei,0,0,0,1,0,0,1,0,0,1,0,0,1,1,1,0,1,0
tim_buckley-morning_glory,0,0,0,1,0,0,1,0,0,1,0,1,0,0,0,1,1,0
tim_hardin-dont_make_promises,0,0,0,1,0,0,0,0,0,1,0,1,1,0,0,0,0,0
tim_rayborn-yedi_tekrar,0,0,0,0,0,0,0,1,0,0,0,0,0,0,1,0,0,0
todd_rundgren-bang_the_drum_all_day,0,1,0,0,1,1,0,1,1,0,1,0,0,1,0,0,0,0
tom_paul-little_part_of_me,0,0,0,0,0,0,1,0,0,0,0,0,1,0,0,1,1,0
tom_petty-i_wont_back_down,0,0,0,0,0,0,0,0,0,0,0,0,0,1,0,0,0,0
tom_petty_and_the_heartbreakers-dont_come_around_here_no_more,0,0,0,1,0,0,1,0,0,0,0,0,0,0,0,0,0,0
tom_waits-time,0,0,0,1,0,0,1,0,0,0,0,0,0,0,0,1,1,0
tommy_james_and_the_shondells-i_think_were_alone_now,0,0,0,0,1,1,0,0,1,0,1,0,1,1,0,0,0,0
tori_amos-professional_widow,0,0,0,0,0,0,0,0,0,0,0,0,0,0,0,0,0,0
touchinggrace-wild_spring_apples,0,0,0,1,0,0,0,0,1,1,0,0,1,0,0,0,0,0
traffic-pearly_queen,1,1,0,0,0,0,0,0,0,0,0,0,0,0,1,0,0,0
tricky-christiansands,0,0,1,0,0,0,0,0,0,0,0,0,0,0,0,0,0,0
troggs-wild_thing,0,0,0,0,1,1,0,0,1,0,1,0,0,1,1,0,0,0
turtles-elenore,0,1,0,0,0,1,0,1,1,0,0,0,1,1,0,0,0,1
u2-hold_me_thrill_me_kiss_me_kill_me,0,1,0,0,0,0,0,1,0,0,0,0,0,0,1,0,0,0
ultravox-dancing_with_tears_in_my_eyes,0,0,0,0,0,0,0,0,0,0,0,0,0,0,0,0,0,0
uncle_tupelo-the_long_cut,0,0,0,1,0,0,0,0,0,0,0,1,0,1,0,0,0,0
urge_overkill-sister_havana,0,1,0,0,0,0,1,1,0,0,0,0,0,0,1,0,0,0
utopia_banished-by_mourning,1,1,0,0,0,0,0,0,0,0,0,0,0,0,1,1,0,0
van_halen-aint_talkin_bout_love,0,0,0,0,0,0,1,0,0,0,0,0,0,0,1,0,0,0
van_morrison-and_it_stoned_me,0,0,0,1,0,0,0,0,0,0,0,1,1,0,0,0,0,0
vapors-turning_japanese,0,1,0,0,1,0,0,1,1,0,1,0,0,1,0,0,0,0
velvet_underground-new_age,0,0,0,0,0,0,0,0,0,0,0,0,0,0,0,0,0,0
version-universal_humans,0,0,0,1,0,0,0,0,0,0,0,0,0,0,0,0,0,0
very_large_array-psychedelic_baby,0,0,0,0,0,0,0,0,0,0,0,0,0,0,0,0,0,0
violent_femmes-blister_in_the_sun,0,0,0,0,0,0,0,0,0,0,0,0,0,0,0,0,0,0
war-all_day_music,0,0,0,1,1,1,1,0,1,1,1,1,1,1,0,0,1,1
weezer-buddy_holly,0,0,0,0,1,1,0,1,1,0,1,0,1,1,0,0,0,0
wes_montgomery-bumpin,0,0,0,1,0,0,0,0,0,1,0,0,1,0,0,0,1,0
west_exit-nocturne,0,0,0,0,0,0,0,0,0,0,0,0,0,0,0,0,0,0
white_stripes-hotel_yorba,0,0,0,0,1,1,0,0,1,0,1,0,0,1,1,0,0,0
whitney_houston-how_will_i_know,0,1,0,0,1,0,1,0,0,0,0,1,0,0,0,0,0,1
who-bargain,0,1,0,0,0,0,1,1,0,0,0,0,0,0,1,0,0,0
wicked_allstars-happy,0,0,0,1,0,0,1,0,1,1,0,0,1,0,0,0,1,0
wicked_boy-pressure,0,0,0,0,0,0,0,0,0,0,0,0,0,0,0,0,0,0
wilco-kingpin,0,1,0,0,0,0,0,0,0,0,0,0,0,0,0,0,0,0
williamson-whats_on_the_ceiling_beats_whats_on_tv,0,0,1,0,0,0,0,0,0,0,0,0,0,0,0,0,0,0
xtc-love_at_first_sight,0,0,0,0,1,1,0,0,1,0,1,0,0,0,0,0,0,0
yakshi-chandra,0,0,0,1,0,0,0,0,0,1,0,0,1,0,0,0,0,0
yeah_yeah_yeahs-maps,0,0,0,1,0,0,1,0,0,0,0,0,1,0,0,0,0,0
yes-leave_it,0,0,0,0,0,0,0,0,0,0,0,0,0,0,0,0,0,0
yo_la_tengo-tom_courtenay,0,0,0,0,0,0,0,0,0,1,0,0,0,0,0,0,0,0
young_mc-bust_a_move,0,0,0,0,0,1,0,0,0,0,1,0,0,0,0,0,0,0
young_rascals-baby_lets_wait,0,0,0,0,0,0,1,0,0,1,0,0,0,0,0,1,1,0
zapp-dance_floor,0,0,0,0,1,0,0,0,1,0,1,0,0,1,0,0,0,0
zombies-beechwood_park,0,0,0,1,0,0,0,0,1,1,0,0,1,0,0,0,1,0
